model,count,mae,rmse
带偏置矩阵分解,10000,0.734736,0.926227
图卷积网络,10000,0.732918,0.927255
基于物品的协同过滤,10000,0.738326,0.936198
电影平均分,10000,0.821573,1.028549
